{
  "known_attack_separation": {
    "roc_auc": 0.997396,
    "precision": 0.9913978494623656,
    "recall": 0.922,
    "f1": 0.9554404145077721,
    "threshold": 0.05008574359019746,
    "confusion_matrix": [
      [
        992,
        8
      ],
      [
        78,
        922
      ]
    ]
  },
  "novel_icmp_flood_generalization": {
    "flagged_anomalous_rate": 1.0,
    "mean_reconstruction_error": 6.9750366226350735,
    "benign_mean_reconstruction_error": 0.008117607552876058,
    "cnn_forced_prediction_breakdown": {
      "BENIGN": 0,
      "SYN_FLOOD": 500,
      "UDP_FLOOD": 0
    },
    "cnn_mean_confidence_on_unseen_type": 0.9354987740516663
  }
}