{
  "accuracy": 0.9828125,
  "macro": {
    "precision": 0.9834137515078407,
    "recall": 0.9833333333333334,
    "f1": 0.9828016434702175
  },
  "weighted": {
    "precision": 0.9839528045838359,
    "recall": 0.9828125,
    "f1": 0.9828110210919182
  },
  "per_class": {
    "BENIGN": {
      "precision": 0.9336550060313631,
      "recall": 1.0,
      "f1": 0.9656893325015595,
      "support": 1548
    },
    "SLOWLORIS": {
      "precision": 1.0,
      "recall": 0.9333333333333333,
      "f1": 0.9655172413793104,
      "support": 1650
    },
    "SYN_FLOOD": {
      "precision": 1.0,
      "recall": 1.0,
      "f1": 1.0,
      "support": 1607
    },
    "UDP_FLOOD": {
      "precision": 1.0,
      "recall": 1.0,
      "f1": 1.0,
      "support": 1595
    }
  },
  "confusion_matrix": [
    [
      1548,
      0,
      0,
      0
    ],
    [
      110,
      1540,
      0,
      0
    ],
    [
      0,
      0,
      1607,
      0
    ],
    [
      0,
      0,
      0,
      1595
    ]
  ]
}